<?xml version="1.0" encoding="UTF-8"?>
<!DOCTYPE fontscolors PUBLIC "-//NetBeans//DTD Editor Fonts and Colors settings 1.1//EN" "http://www.netbeans.org/dtds/EditorFontsColors-1_1.dtd">
<fontscolors>
    <fontcolor default="keyword" foreColor="green" name="tagparam"/>
    <fontcolor default="separator" foreColor="cyan" name="flag"/>
    <fontcolor default="error" name="error"/>
    <fontcolor default="keyword" foreColor="yellow" name="tag"/>
    <fontcolor default="string" foreColor="ffee7700" name="string"/>
    <fontcolor default="whitespace" name="whitespace"/>
    <fontcolor default="number" foreColor="green" name="number"/>
    <fontcolor default="keyword" foreColor="white" name="directive">
        <font style="bold"/>
    </fontcolor>
    <fontcolor default="comment" foreColor="gray" name="comment"/>
    <fontcolor default="identifier" foreColor="magenta" name="variable"/>
    <fontcolor default="keyword" foreColor="orange" name="directiveparam"/>
</fontscolors>
